Track_id, Transition_type_no, Transition_type_name, Time_in_channel_(frame), Time_entered_channel_(frame), Time_left_channel_(frame), 
16, 2, FT, 689.0, 131.0, 820.0, 
36, -1, BR, 193.0, 822.0, 1015.0, 
46, 1, FR, 100.0, 1014.0, 1114.0, 
47, -2, BT, 61.0, 1017.0, 1078.0, 
50, 1, FR, 5.0, 1080.0, 1085.0, 
51, 1, FR, 15.0, 1087.0, 1102.0, 
52, 1, FR, 4.0, 1104.0, 1108.0, 
55, 1, FR, 144.0, 1116.0, 1260.0, 
56, -1, BR, 16.0, 1116.0, 1132.0, 
58, -1, BR, 8.0, 1139.0, 1147.0, 
63, 2, FT, 114.0, 1265.0, 1379.0, 
69, 1, FR, 9.0, 1358.0, 1367.0, 
70, 1, FR, 61.0, 1369.0, 1430.0, 
72, -2, BT, 6.0, 1385.0, 1391.0, 
73, 2, FT, 5.0, 1395.0, 1400.0, 
76, -1, BR, 11.0, 1402.0, 1413.0, 
78, 1, FR, 4.0, 1407.0, 1411.0, 
81, -1, BR, 26.0, 1417.0, 1443.0, 
84, 1, FR, 8.0, 1634.0, 1642.0, 
84, 1, FR, 42.0, 1586.0, 1628.0, 
84, 1, FR, 53.0, 1530.0, 1583.0, 
84, 1, FR, 4.0, 1524.0, 1528.0, 
84, 1, FR, 94.0, 1428.0, 1522.0, 
87, 1, FR, 14.0, 1434.0, 1448.0, 
88, -1, BR, 17.0, 1445.0, 1462.0, 
89, 1, FR, 27.0, 1452.0, 1479.0, 
91, 1, FR, 57.0, 1459.0, 1516.0, 
95, -1, BR, 13.0, 1479.0, 1492.0, 
97, -1, BR, 23.0, 1495.0, 1518.0, 
100, 1, FR, 33.0, 1518.0, 1551.0, 
101, -1, BR, 44.0, 1520.0, 1564.0, 
120, -1, BR, 4.0, 1574.0, 1578.0, 
122, -1, BR, 9.0, 1580.0, 1589.0, 
124, -1, BR, 246.0, 1591.0, 1837.0, 
126, 1, FR, 11.0, 1598.0, 1609.0, 
130, -1, BR, 5.0, 1614.0, 1619.0, 
137, -1, BR, 5.0, 1634.0, 1639.0, 
141, -1, BR, 11.0, 1653.0, 1664.0, 
152, 1, FR, 11.0, 1729.0, 1740.0, 
153, 1, FR, 5.0, 1731.0, 1736.0, 
163, 1, FR, 50.0, 1785.0, 1835.0, 
163, 1, FR, 10.0, 1773.0, 1783.0, 
170, 1, FR, 7.0, 1809.0, 1816.0, 
173, -1, BR, 7.0, 1839.0, 1846.0, 
174, -1, BR, 5.0, 1849.0, 1854.0, 
177, -1, BR, 19.0, 1860.0, 1879.0, 
178, -1, BR, 16.0, 1881.0, 1897.0, 
179, -1, BR, 5.0, 1901.0, 1906.0, 
180, -1, BR, 13.0, 1908.0, 1921.0, 
186, -1, BR, 42.0, 1937.0, 1979.0, 
192, 1, FR, 61.0, 1988.0, 2049.0, 
194, -1, BR, 114.0, 1993.0, 2107.0, 
204, 1, FR, 191.0, 2251.0, 2442.0, 
204, 1, FR, 30.0, 2214.0, 2244.0, 
204, 1, FR, 103.0, 2108.0, 2211.0, 
204, 1, FR, 31.0, 2075.0, 2106.0, 
212, -1, BR, 12.0, 2106.0, 2118.0, 
216, -1, BR, 4.0, 2116.0, 2120.0, 
218, -2, BT, 35.0, 2122.0, 2157.0, 
220, -1, BR, 6.0, 2125.0, 2131.0, 
221, -2, BT, 33.0, 2127.0, 2160.0, 
223, -1, BR, 6.0, 2138.0, 2144.0, 
228, -1, BR, 8.0, 2174.0, 2182.0, 
231, -1, BR, 4.0, 2184.0, 2188.0, 
232, -1, BR, 53.0, 2190.0, 2243.0, 
234, -1, BR, 8.0, 2204.0, 2212.0, 
265, 1, FR, 6.0, 2445.0, 2451.0, 
274, 1, FR, 63.0, 2511.0, 2574.0, 
274, 1, FR, 21.0, 2485.0, 2506.0, 
287, 1, FR, 143.0, 2584.0, 2727.0, 
294, 1, FR, 10.0, 2729.0, 2739.0, 
298, 1, FR, 6.0, 2752.0, 2758.0, 
299, 1, FR, 25.0, 2761.0, 2786.0, 
301, -1, BR, 39.0, 2788.0, 2827.0, 
304, -1, BR, 8.0, 2829.0, 2837.0, 
307, -1, BR, 31.0, 2840.0, 2871.0, 
308, -1, BR, 47.0, 2874.0, 2921.0, 
317, -1, BR, 11.0, 2923.0, 2934.0, 
320, -1, BR, 10.0, 2940.0, 2950.0, 
322, -1, BR, 23.0, 2952.0, 2975.0, 
329, 1, FR, 11.0, 2977.0, 2988.0, 
332, 1, FR, 24.0, 2990.0, 3014.0, 
339, 1, FR, 21.0, 3018.0, 3039.0, 
362, -1, BR, 7.0, 3250.0, 3257.0, 
366, -1, BR, 4.0, 3268.0, 3272.0, 
368, -1, BR, 22.0, 3276.0, 3298.0, 
369, -1, BR, 87.0, 3300.0, 3387.0, 
370, -1, BR, 13.0, 3328.0, 3341.0, 
374, -2, BT, 105.0, 3374.0, 3479.0, 
395, -1, BR, 2.0, 3557.0, 3559.0, 
395, -1, BR, 3.0, 3551.0, 3554.0, 
395, -1, BR, 5.0, 3544.0, 3549.0, 
395, -1, BR, 3.0, 3539.0, 3542.0, 
395, -1, BR, 2.0, 3535.0, 3537.0, 
400, -1, BR, 9.0, 3659.0, 3668.0, 
411, 1, FR, 149.0, 3753.0, 3902.0, 
413, 1, FR, 29.0, 3945.0, 3974.0, 
413, 1, FR, 2.0, 3936.0, 3938.0, 
413, 1, FR, 49.0, 3881.0, 3930.0, 
413, 1, FR, 2.0, 3863.0, 3865.0, 
413, 1, FR, 12.0, 3849.0, 3861.0, 
413, 1, FR, 37.0, 3808.0, 3845.0, 
414, -1, BR, 5.0, 3812.0, 3817.0, 
417, 1, FR, 50.0, 3904.0, 3954.0, 
419, 2, FT, 45.0, 3961.0, 4006.0, 
421, -1, BR, 12.0, 4014.0, 4026.0, 
422, -1, BR, 100.0, 4028.0, 4128.0, 
423, 1, FR, 3.0, 4496.0, 4499.0, 
423, 1, FR, 28.0, 4465.0, 4493.0, 
423, 1, FR, 136.0, 4327.0, 4463.0, 
423, 1, FR, 42.0, 4282.0, 4324.0, 
423, 1, FR, 23.0, 4255.0, 4278.0, 
423, 1, FR, 5.0, 4241.0, 4246.0, 
423, 1, FR, 7.0, 4221.0, 4228.0, 
423, 1, FR, 3.0, 4216.0, 4219.0, 
423, 1, FR, 55.0, 4159.0, 4214.0, 
423, 1, FR, 15.0, 4137.0, 4152.0, 
423, 1, FR, 34.0, 4101.0, 4135.0, 
423, 1, FR, 11.0, 4067.0, 4078.0, 
431, 1, FR, 8.0, 4138.0, 4146.0, 
432, 2, FT, 23.0, 4148.0, 4171.0, 
433, 1, FR, 201.0, 4173.0, 4374.0, 
442, 1, FR, 5.0, 4387.0, 4392.0, 
446, -1, BR, 15.0, 4396.0, 4411.0, 
456, 1, FR, 8.0, 4495.0, 4503.0, 
460, 1, FR, 29.0, 4521.0, 4550.0, 
462, 1, FR, 4.0, 4553.0, 4557.0, 
465, 1, FR, 52.0, 4611.0, 4663.0, 
465, 1, FR, 4.0, 4602.0, 4606.0, 
465, 1, FR, 36.0, 4564.0, 4600.0, 
497, 1, FR, 83.0, 5090.0, 5173.0, 
497, 1, FR, 2.0, 5080.0, 5082.0, 
497, 1, FR, 5.0, 5073.0, 5078.0, 
503, 1, FR, 9.0, 5187.0, 5196.0, 
514, -1, BR, 7.0, 5369.0, 5376.0, 
531, 1, FR, 99.0, 5440.0, 5539.0, 
539, 1, FR, 17.0, 5509.0, 5526.0, 
548, 1, FR, 167.0, 5589.0, 5756.0, 
548, 1, FR, 3.0, 5583.0, 5586.0, 
559, 1, FR, 15.0, 5696.0, 5711.0, 
574, 1, FR, 29.0, 6023.0, 6052.0, 
574, 1, FR, 12.0, 6008.0, 6020.0, 
586, -1, BR, 11.0, 6137.0, 6148.0, 
608, 2, FT, 5.0, 6288.0, 6293.0, 
638, 1, FR, 8.0, 7058.0, 7066.0, 
642, 1, FR, 12.0, 7214.0, 7226.0, 
642, 1, FR, 126.0, 7085.0, 7211.0, 
649, 1, FR, 2.0, 7310.0, 7312.0, 
649, 1, FR, 2.0, 7304.0, 7306.0, 
681, 1, FR, 6.0, 8204.0, 8210.0, 
681, 1, FR, 5.0, 8194.0, 8199.0, 
681, 1, FR, 11.0, 8180.0, 8191.0, 
683, 1, FR, 17.0, 8328.0, 8345.0, 
683, 1, FR, 6.0, 8313.0, 8319.0, 
683, 1, FR, 22.0, 8289.0, 8311.0, 
683, 1, FR, 2.0, 8285.0, 8287.0, 
683, 1, FR, 32.0, 8251.0, 8283.0, 
683, 1, FR, 3.0, 8243.0, 8246.0, 
689, 1, FR, 15.0, 8351.0, 8366.0, 
691, 1, FR, 3.0, 8424.0, 8427.0, 
691, 1, FR, 52.0, 8368.0, 8420.0, 
710, 1, FR, 5.0, 8692.0, 8697.0, 
733, 1, FR, 11.0, 9053.0, 9064.0, 
733, 1, FR, 6.0, 9033.0, 9039.0, 
733, 1, FR, 6.0, 9024.0, 9030.0, 
741, 1, FR, 17.0, 9236.0, 9253.0, 
741, 1, FR, 4.0, 9230.0, 9234.0, 
741, 1, FR, 107.0, 9119.0, 9226.0, 
741, 1, FR, 11.0, 9103.0, 9114.0, 
746, -1, BR, 2.0, 9220.0, 9222.0, 
788, 1, FR, 10.0, 10090.0, 10100.0, 
791, -2, BT, 223.0, 10180.0, 10403.0, 
798, 1, FR, 39.0, 10761.0, 10800.0, 
798, 1, FR, 391.0, 10354.0, 10745.0, 
803, 1, FR, 11.0, 10368.0, 10379.0, 
805, -1, BR, 8.0, 10385.0, 10393.0, 
806, -1, BR, 17.0, 10396.0, 10413.0, 
816, -1, BR, 42.0, 10415.0, 10457.0, 
823, 1, FR, 3.0, 10504.0, 10507.0, 
823, 1, FR, 11.0, 10491.0, 10502.0, 
823, 1, FR, 8.0, 10479.0, 10487.0, 
823, 1, FR, 6.0, 10469.0, 10475.0, 
823, 1, FR, 2.0, 10448.0, 10450.0, 
827, -1, BR, 285.0, 10461.0, 10746.0, 
829, 1, FR, 20.0, 10518.0, 10538.0, 
832, -1, BR, 85.0, 10749.0, 10834.0, 
836, 1, FR, 53.0, 10937.0, 10990.0, 
836, 1, FR, 2.0, 10919.0, 10921.0, 
836, 1, FR, 108.0, 10801.0, 10909.0, 
847, -1, BR, 12.0, 10847.0, 10859.0, 
850, 1, FR, 53.0, 10861.0, 10914.0, 
853, 1, FR, 2.0, 10892.0, 10894.0, 
855, 1, FR, 19.0, 10903.0, 10922.0, 
859, 1, FR, 155.0, 10924.0, 11079.0, 
867, 1, FR, 61.0, 10960.0, 11021.0, 
876, 1, FR, 32.0, 11040.0, 11072.0, 
876, 1, FR, 6.0, 11027.0, 11033.0, 
881, 1, FR, 10.0, 11074.0, 11084.0, 
883, -2, BT, 416.0, 11081.0, 11497.0, 
914, 1, FR, 3.0, 11499.0, 11502.0, 
917, 1, FR, 2.0, 11537.0, 11539.0, 
921, 1, FR, 120.0, 11635.0, 11755.0, 
929, 1, FR, 4.0, 11740.0, 11744.0, 
941, 1, FR, 5.0, 11894.0, 11899.0, 
944, 1, FR, 6.0, 13309.0, 13315.0, 
944, 1, FR, 6.0, 13297.0, 13303.0, 
944, 1, FR, 1346.0, 11949.0, 13295.0, 
964, 1, FR, 70.0, 12396.0, 12466.0, 
965, -1, BR, 270.0, 12468.0, 12738.0, 
977, -1, BR, 209.0, 12740.0, 12949.0, 
979, -1, BR, 18.0, 12751.0, 12769.0, 
983, -1, BR, 2.0, 12808.0, 12810.0, 
996, 1, FR, 7.0, 13228.0, 13235.0, 
996, 1, FR, 26.0, 13190.0, 13216.0, 
1004, 1, FR, 9.0, 13382.0, 13391.0, 
1004, 1, FR, 3.0, 13373.0, 13376.0, 
1004, 1, FR, 2.0, 13369.0, 13371.0, 
1004, 1, FR, 8.0, 13357.0, 13365.0, 
1008, 1, FR, 5.0, 13424.0, 13429.0, 
1012, 1, FR, 58.0, 13678.0, 13736.0, 
1012, 1, FR, 6.0, 13663.0, 13669.0, 
1012, 1, FR, 11.0, 13648.0, 13659.0, 
1012, 1, FR, 5.0, 13633.0, 13638.0, 
1012, 1, FR, 3.0, 13618.0, 13621.0, 
1062, 1, FR, 263.0, 14716.0, 14979.0, 
1062, 1, FR, 8.0, 14698.0, 14706.0, 
1065, 1, FR, 25.0, 15005.0, 15030.0, 
1083, 1, FR, 4.0, 15216.0, 15220.0, 
1083, 1, FR, 11.0, 15199.0, 15210.0, 
1083, 1, FR, 3.0, 15194.0, 15197.0, 
1089, -2, BT, 10.0, 15231.0, 15241.0, 
1134, 1, FR, 24.0, 15991.0, 16015.0, 
1134, 1, FR, 18.0, 15968.0, 15986.0, 
1134, 1, FR, 13.0, 15946.0, 15959.0, 
1134, 1, FR, 187.0, 15736.0, 15923.0, 
1134, 1, FR, 2.0, 15730.0, 15732.0, 
1134, 1, FR, 36.0, 15692.0, 15728.0, 
1134, 1, FR, 10.0, 15672.0, 15682.0, 
1134, 1, FR, 6.0, 15661.0, 15667.0, 
1134, 1, FR, 14.0, 15642.0, 15656.0, 
1142, 1, FR, 13.0, 15721.0, 15734.0, 
1159, -1, BR, 17.0, 15830.0, 15847.0, 
1189, 1, FR, 2.0, 16192.0, 16194.0, 
1190, 1, FR, 2.0, 16239.0, 16241.0, 
1190, 1, FR, 10.0, 16223.0, 16233.0, 
1190, 1, FR, 3.0, 16205.0, 16208.0, 
1191, 1, FR, 4.0, 16206.0, 16210.0, 
1192, 1, FR, 5.0, 16212.0, 16217.0, 
1200, -1, BR, 10.0, 16349.0, 16359.0, 
1212, 1, FR, 3.0, 16559.0, 16562.0, 
1212, 1, FR, 3.0, 16554.0, 16557.0, 
1213, 1, FR, 13.0, 16623.0, 16636.0, 
1213, 1, FR, 18.0, 16603.0, 16621.0, 
1221, 1, FR, 13.0, 16922.0, 16935.0, 
1225, -2, BT, 6.0, 16951.0, 16957.0, 
1231, 1, FR, 2.0, 17034.0, 17036.0, 
1237, -1, BR, 5.0, 17157.0, 17162.0, 
1237, -1, BR, 15.0, 17138.0, 17153.0, 
1246, 1, FR, 6.0, 17381.0, 17387.0, 
1247, 1, FR, 2.0, 17411.0, 17413.0, 
1247, 1, FR, 2.0, 17400.0, 17402.0, 
1268, 1, FR, 2.0, 17756.0, 17758.0, 
1268, 1, FR, 18.0, 17736.0, 17754.0, 
1277, 1, FR, 29.0, 17840.0, 17869.0, 
1277, 1, FR, 6.0, 17805.0, 17811.0, 
1288, 1, FR, 3.0, 17901.0, 17904.0, 
1290, -1, BR, 3.0, 17916.0, 17919.0, 
1290, -1, BR, 9.0, 17902.0, 17911.0, 
1310, 1, FR, 3.0, 18333.0, 18336.0, 
1310, 1, FR, 6.0, 18322.0, 18328.0, 
1310, 1, FR, 14.0, 18302.0, 18316.0, 
1310, 1, FR, 5.0, 18292.0, 18297.0, 
1310, 1, FR, 6.0, 18271.0, 18277.0, 
1311, -1, BR, 10.0, 18280.0, 18290.0, 
1323, 1, FR, 5.0, 18512.0, 18517.0, 
1336, 1, FR, 31.0, 18832.0, 18863.0, 
1336, 1, FR, 4.0, 18820.0, 18824.0, 
1353, 1, FR, 9.0, 19128.0, 19137.0, 
1353, 1, FR, 9.0, 19101.0, 19110.0, 
1353, 1, FR, 2.0, 19091.0, 19093.0, 
1378, 1, FR, 16.0, 19653.0, 19669.0, 
1384, 1, FR, 14.0, 19922.0, 19936.0, 
1391, 1, FR, 11.0, 19983.0, 19994.0, 
1391, 1, FR, 3.0, 19964.0, 19967.0, 
1391, 1, FR, 8.0, 19953.0, 19961.0, 
1391, 1, FR, 3.0, 19948.0, 19951.0, 
1425, 1, FR, 16.0, 20282.0, 20298.0, 
1425, 1, FR, 6.0, 20274.0, 20280.0, 
1446, 1, FR, 22.0, 20521.0, 20543.0, 
1446, 1, FR, 4.0, 20514.0, 20518.0, 
1448, 1, FR, 17.0, 20571.0, 20588.0, 
1450, 2, FT, 54.0, 20590.0, 20644.0, 
1480, 1, FR, 5.0, 21065.0, 21070.0, 
1480, 1, FR, 11.0, 21052.0, 21063.0, 
1480, 1, FR, 20.0, 21030.0, 21050.0, 
1480, 1, FR, 157.0, 20865.0, 21022.0, 
1488, 1, FR, 307.0, 21087.0, 21394.0, 
1489, 1, FR, 28.0, 21097.0, 21125.0, 
1490, 2, FT, 206.0, 21128.0, 21334.0, 
1496, -1, BR, 5.0, 21267.0, 21272.0, 
1500, -1, BR, 420.0, 21338.0, 21758.0, 
1504, 1, FR, 12.0, 21570.0, 21582.0, 
1504, 1, FR, 3.0, 21536.0, 21539.0, 
1504, 1, FR, 53.0, 21476.0, 21529.0, 
1510, -2, BT, 314.0, 21760.0, 22074.0, 
1516, 1, FR, 7.0, 22022.0, 22029.0, 
1516, 1, FR, 3.0, 22007.0, 22010.0, 
1516, 1, FR, 76.0, 21924.0, 22000.0, 
1516, 1, FR, 2.0, 21920.0, 21922.0, 
1516, 1, FR, 3.0, 21915.0, 21918.0, 
1526, 1, FR, 3.0, 22118.0, 22121.0, 
1526, 1, FR, 4.0, 22101.0, 22105.0, 
1527, 1, FR, 3092.0, 22266.0, 25358.0, 
1527, 1, FR, 4.0, 22256.0, 22260.0, 
1527, 1, FR, 103.0, 22151.0, 22254.0, 
1533, 1, FR, 3.0, 22367.0, 22370.0, 
1533, 1, FR, 40.0, 22324.0, 22364.0, 
1533, 1, FR, 10.0, 22308.0, 22318.0, 
1537, 1, FR, 11.0, 22427.0, 22438.0, 
1537, 1, FR, 2.0, 22423.0, 22425.0, 
1537, 1, FR, 12.0, 22409.0, 22421.0, 
1537, 1, FR, 5.0, 22394.0, 22399.0, 
1540, 1, FR, 4.0, 22425.0, 22429.0, 
1541, 1, FR, 46.0, 22432.0, 22478.0, 
1543, 1, FR, 40.0, 22618.0, 22658.0, 
1543, 1, FR, 116.0, 22497.0, 22613.0, 
1545, 1, FR, 30.0, 23027.0, 23057.0, 
1545, 1, FR, 2.0, 23023.0, 23025.0, 
1545, 1, FR, 537.0, 22482.0, 23019.0, 
1555, 1, FR, 366.0, 22614.0, 22980.0, 
1577, 1, FR, 26.0, 23152.0, 23178.0, 
1577, 1, FR, 33.0, 23109.0, 23142.0, 
1577, 1, FR, 12.0, 23092.0, 23104.0, 
1577, 1, FR, 107.0, 22983.0, 23090.0, 
1588, 1, FR, 9.0, 23197.0, 23206.0, 
1588, 1, FR, 4.0, 23190.0, 23194.0, 
1595, 1, FR, 145.0, 23280.0, 23425.0, 
1609, 1, FR, 2.0, 23659.0, 23661.0, 
1609, 1, FR, 16.0, 23636.0, 23652.0, 
1609, 1, FR, 9.0, 23621.0, 23630.0, 
1649, 1, FR, 3.0, 24536.0, 24539.0, 
1657, 1, FR, 3.0, 24835.0, 24838.0, 
1658, 1, FR, 22.0, 24856.0, 24878.0, 
1659, 1, FR, 6.0, 27069.0, 27075.0, 
1659, -2, BT, 2159.0, 24904.0, 27063.0, 
1659, -1, BR, 7.0, 24894.0, 24901.0, 
1671, 1, FR, 5.0, 25163.0, 25168.0, 
1675, -1, BR, 2.0, 25616.0, 25618.0, 
1679, 1, FR, 33.0, 26062.0, 26095.0, 
1683, 1, FR, 2.0, 26399.0, 26401.0, 
1683, 1, FR, 9.0, 26387.0, 26396.0, 
1683, 1, FR, 3.0, 26380.0, 26383.0, 
1683, 1, FR, 10.0, 26368.0, 26378.0, 
1683, 1, FR, 24.0, 26341.0, 26365.0, 
1683, 1, FR, 11.0, 26327.0, 26338.0, 
1683, 1, FR, 2.0, 26321.0, 26323.0, 
1683, 1, FR, 21.0, 26297.0, 26318.0, 
1683, 1, FR, 37.0, 26255.0, 26292.0, 
1683, 1, FR, 2.0, 26242.0, 26244.0, 
1690, 1, FR, 67.0, 26575.0, 26642.0, 
1692, 1, FR, 105.0, 26669.0, 26774.0, 
1694, 1, FR, 13.0, 26716.0, 26729.0, 
1701, 1, FR, 10.0, 26802.0, 26812.0, 
1701, 1, FR, 8.0, 26775.0, 26783.0, 
1709, 1, FR, 8.0, 27128.0, 27136.0, 
1710, 1, FR, 2.0, 27201.0, 27203.0, 
1710, 1, FR, 20.0, 27177.0, 27197.0, 
1712, 1, FR, 3.0, 27215.0, 27218.0, 
1718, 1, FR, 17.0, 27315.0, 27332.0, 
1741, 1, FR, 8.0, 27982.0, 27990.0, 
1741, 1, FR, 36.0, 27944.0, 27980.0, 
1754, 1, FR, 12.0, 28125.0, 28137.0, 
1756, 1, FR, 40.0, 28233.0, 28273.0, 
1756, 1, FR, 4.0, 28227.0, 28231.0, 
1764, 1, FR, 4.0, 28424.0, 28428.0, 
1765, 1, FR, 8.0, 28453.0, 28461.0, 
1765, 1, FR, 3.0, 28445.0, 28448.0, 
1765, 1, FR, 4.0, 28439.0, 28443.0, 
1769, 1, FR, 8.0, 28647.0, 28655.0, 
1776, 1, FR, 4.0, 28701.0, 28705.0, 
1788, 1, FR, 6.0, 29109.0, 29115.0, 
1789, 1, FR, 2.0, 29133.0, 29135.0, 
1792, 1, FR, 30.0, 29366.0, 29396.0, 
1792, 1, FR, 72.0, 29285.0, 29357.0, 
1792, 1, FR, 2.0, 29281.0, 29283.0, 
1792, 1, FR, 21.0, 29247.0, 29268.0, 
1818, 1, FR, 2.0, 29675.0, 29677.0, 
1818, 1, FR, 7.0, 29658.0, 29665.0, 
1818, 1, FR, 3.0, 29651.0, 29654.0, 
1818, 1, FR, 17.0, 29630.0, 29647.0, 
1824, -1, BR, 2.0, 30532.0, 30534.0, 
1824, -1, BR, 9.0, 30519.0, 30528.0, 
1824, -1, BR, 614.0, 29903.0, 30517.0, 
1831, 1, FR, 5.0, 30485.0, 30490.0, 
1831, 1, FR, 65.0, 30408.0, 30473.0, 
1831, 1, FR, 36.0, 30370.0, 30406.0, 
1831, 1, FR, 3.0, 30347.0, 30350.0, 
1831, 1, FR, 190.0, 30153.0, 30343.0, 
1832, 1, FR, 2.0, 30177.0, 30179.0, 
1859, 1, FR, 8.0, 30768.0, 30776.0, 
1859, 1, FR, 3.0, 30763.0, 30766.0, 
1860, 1, FR, 23.0, 30844.0, 30867.0, 
1861, 1, FR, 24.0, 30874.0, 30898.0, 
1861, 1, FR, 3.0, 30869.0, 30872.0, 
1866, 1, FR, 23.0, 30992.0, 31015.0, 
1866, 1, FR, 24.0, 30935.0, 30959.0, 
1868, 1, FR, 11.0, 30960.0, 30971.0, 
1869, 1, FR, 378.0, 30973.0, 31351.0, 
1877, 1, FR, 13.0, 31081.0, 31094.0, 
1878, 1, FR, 3.0, 31171.0, 31174.0, 
1878, 1, FR, 11.0, 31157.0, 31168.0, 
1878, 1, FR, 32.0, 31112.0, 31144.0, 
1879, 1, FR, 3.0, 31197.0, 31200.0, 
1886, 1, FR, 43.0, 31358.0, 31401.0, 
1891, 1, FR, 2.0, 31432.0, 31434.0, 
1891, 1, FR, 2.0, 31428.0, 31430.0, 
1891, 1, FR, 4.0, 31403.0, 31407.0, 
1903, 1, FR, 39.0, 31511.0, 31550.0, 
1906, 1, FR, 569.0, 31552.0, 32121.0, 
1916, 1, FR, 7.0, 32089.0, 32096.0, 
1919, 1, FR, 24.0, 32163.0, 32187.0, 
1919, 1, FR, 2.0, 32156.0, 32158.0, 
1919, 1, FR, 33.0, 32121.0, 32154.0, 
1920, 2, FT, 363.0, 32123.0, 32486.0, 
1924, 1, FR, 24.0, 32247.0, 32271.0, 
1924, 1, FR, 12.0, 32233.0, 32245.0, 
1924, 1, FR, 7.0, 32214.0, 32221.0, 
1959, -1, BR, 11.0, 32488.0, 32499.0, 
1960, -1, BR, 7.0, 32529.0, 32536.0, 
1960, -1, BR, 2.0, 32524.0, 32526.0, 
1960, -1, BR, 4.0, 32518.0, 32522.0, 
1961, -1, BR, 17.0, 32502.0, 32519.0, 
1977, 1, FR, 6.0, 32845.0, 32851.0, 
1977, 1, FR, 28.0, 32799.0, 32827.0, 
1987, 1, FR, 4.0, 32997.0, 33001.0, 
2009, 1, FR, 2.0, 33655.0, 33657.0, 
2009, 1, FR, 9.0, 33639.0, 33648.0, 
2013, 1, FR, 2.0, 33768.0, 33770.0, 
2018, 1, FR, 9.0, 33967.0, 33976.0, 
2018, 1, FR, 33.0, 33932.0, 33965.0, 
2018, 1, FR, 7.0, 33914.0, 33921.0, 
2018, 1, FR, 10.0, 33864.0, 33874.0, 
2019, 1, FR, 16.0, 33992.0, 34008.0, 
2038, 1, FR, 16.0, 34608.0, 34624.0, 
2038, 1, FR, 4.0, 34591.0, 34595.0, 
2038, 1, FR, 3.0, 34566.0, 34569.0, 
2040, 1, FR, 2.0, 34636.0, 34638.0, 
2041, 1, FR, 5.0, 34667.0, 34672.0, 
2041, 1, FR, 9.0, 34647.0, 34656.0, 
2042, 1, FR, 9.0, 34695.0, 34704.0, 
2042, 1, FR, 2.0, 34685.0, 34687.0, 
2052, 1, FR, 3.0, 34999.0, 35002.0, 
2052, 1, FR, 10.0, 34983.0, 34993.0, 
2056, -1, BR, 22.0, 35167.0, 35189.0, 
2090, 1, FR, 3.0, 36279.0, 36282.0, 
2091, 1, FR, 2.0, 36345.0, 36347.0, 
2091, 1, FR, 9.0, 36312.0, 36321.0, 
2091, 1, FR, 2.0, 36299.0, 36301.0, 
2095, 1, FR, 26.0, 36376.0, 36402.0, 
2105, -1, BR, 32.0, 36556.0, 36588.0, 
2122, 1, FR, 2.0, 37421.0, 37423.0, 
2122, 1, FR, 26.0, 37387.0, 37413.0, 
2128, -1, BR, 8.0, 37602.0, 37610.0, 
2128, -1, BR, 13.0, 37586.0, 37599.0, 
2136, 1, FR, 5.0, 38121.0, 38126.0, 
2160, 1, FR, 2.0, 38934.0, 38936.0, 
2160, 1, FR, 2.0, 38928.0, 38930.0, 
2160, 1, FR, 2.0, 38921.0, 38923.0, 
2160, 1, FR, 4.0, 38914.0, 38918.0, 
2167, 1, FR, 22.0, 39081.0, 39103.0, 
2168, 1, FR, 19.0, 39118.0, 39137.0, 
2170, 1, FR, 3.0, 39267.0, 39270.0, 
2170, 1, FR, 3.0, 39261.0, 39264.0, 
2170, 1, FR, 4.0, 39255.0, 39259.0, 
2170, 1, FR, 8.0, 39231.0, 39239.0, 
2170, 1, FR, 19.0, 39208.0, 39227.0, 
2170, 1, FR, 10.0, 39178.0, 39188.0, 
2180, 1, FR, 19.0, 39389.0, 39408.0, 
2184, 1, FR, 10.0, 39483.0, 39493.0, 
2185, 1, FR, 14.0, 39510.0, 39524.0, 
2186, 1, FR, 3.0, 39552.0, 39555.0, 
2187, 1, FR, 1788.0, 39609.0, 41397.0, 
2187, 1, FR, 10.0, 39597.0, 39607.0, 
2187, 1, FR, 10.0, 39585.0, 39595.0, 
2224, 1, FR, 3.0, 40455.0, 40458.0, 
2225, 1, FR, 3.0, 40588.0, 40591.0, 
2225, 1, FR, 19.0, 40556.0, 40575.0, 
2225, 1, FR, 14.0, 40538.0, 40552.0, 
2230, 1, FR, 5.0, 40655.0, 40660.0, 
2230, 1, FR, 11.0, 40635.0, 40646.0, 
2237, 1, FR, 26.0, 40968.0, 40994.0, 
2237, 1, FR, 5.0, 40961.0, 40966.0, 
2237, 1, FR, 4.0, 40954.0, 40958.0, 
2254, -1, BR, 15.0, 41515.0, 41530.0, 
2264, 1, FR, 20.0, 41925.0, 41945.0, 
2308, 1, FR, 5.0, 42525.0, 42530.0, 
2308, 1, FR, 7.0, 42516.0, 42523.0, 
2308, 1, FR, 29.0, 42485.0, 42514.0, 
2314, 1, FR, 17.0, 42724.0, 42741.0, 
2314, 1, FR, 7.0, 42714.0, 42721.0, 
2330, 1, FR, 3.0, 42885.0, 42888.0, 
2344, 1, FR, 16.0, 43007.0, 43023.0, 
2351, -1, BR, 3.0, 43122.0, 43125.0, 
2354, -1, BR, 4.0, 43150.0, 43154.0, 
2358, 1, FR, 10.0, 43208.0, 43218.0, 
2360, 1, FR, 17.0, 43260.0, 43277.0, 
2366, 1, FR, 26.0, 43394.0, 43420.0, 
2368, 1, FR, 12.0, 43459.0, 43471.0, 
2368, 1, FR, 2.0, 43455.0, 43457.0, 
2369, 1, FR, 4.0, 43487.0, 43491.0, 
2434, 1, FR, 47.0, 45090.0, 45137.0, 
2435, 1, FR, 2.0, 45346.0, 45348.0, 
2435, 1, FR, 137.0, 45207.0, 45344.0, 
2435, 1, FR, 3.0, 45201.0, 45204.0, 
2435, 1, FR, 34.0, 45165.0, 45199.0, 
2458, 1, FR, 2.0, 45736.0, 45738.0, 
2458, 1, FR, 3.0, 45728.0, 45731.0, 
2460, 1, FR, 6.0, 45762.0, 45768.0, 
2462, 1, FR, 2.0, 46112.0, 46114.0, 
2475, 1, FR, 18.0, 46226.0, 46244.0, 
2488, 1, FR, 2.0, 46341.0, 46343.0, 
2491, 1, FR, 7.0, 46356.0, 46363.0, 
2496, 1, FR, 8.0, 46643.0, 46651.0, 
2517, 1, FR, 8.0, 46928.0, 46936.0, 
2528, 1, FR, 2.0, 47070.0, 47072.0, 
2553, -1, BR, 3.0, 47410.0, 47413.0, 
2575, 1, FR, 233.0, 49301.0, 49534.0, 
2583, 1, FR, 7.0, 49458.0, 49465.0, 
2605, 1, FR, 7.0, 50329.0, 50336.0, 
2605, 1, FR, 4.0, 50317.0, 50321.0, 
2605, 1, FR, 4.0, 50306.0, 50310.0, 
2608, 1, FR, 2.0, 50378.0, 50380.0, 
2608, 1, FR, 4.0, 50362.0, 50366.0, 
2610, 1, FR, 6.0, 50411.0, 50417.0, 
2626, 1, FR, 3.0, 50613.0, 50616.0, 
2627, 1, FR, 12.0, 50627.0, 50639.0, 
2632, 1, FR, 307.0, 50699.0, 51006.0, 
2632, 1, FR, 4.0, 50685.0, 50689.0, 
2649, 1, FR, 2.0, 51037.0, 51039.0, 
2664, 1, FR, 8.0, 51285.0, 51293.0, 
2664, 1, FR, 12.0, 51271.0, 51283.0, 
2679, 1, FR, 7.0, 51656.0, 51663.0, 
2739, 1, FR, 6.0, 52443.0, 52449.0, 
2739, 1, FR, 49.0, 52392.0, 52441.0, 
2746, 1, FR, 3.0, 52480.0, 52483.0, 
2752, 1, FR, 8.0, 52582.0, 52590.0, 
2760, 1, FR, 2.0, 52714.0, 52716.0, 
2760, 1, FR, 2.0, 52710.0, 52712.0, 
2775, 1, FR, 8.0, 52895.0, 52903.0, 
2781, 1, FR, 14.0, 52945.0, 52959.0, 
2805, 1, FR, 9.0, 53178.0, 53187.0, 
2839, 1, FR, 2.0, 53594.0, 53596.0, 
2880, 1, FR, 15.0, 54495.0, 54510.0, 
2893, 1, FR, 3.0, 54801.0, 54804.0, 
2899, 1, FR, 14.0, 54879.0, 54893.0, 
2899, 1, FR, 3.0, 54867.0, 54870.0, 
2905, 1, FR, 4.0, 55473.0, 55477.0, 
2905, -2, BT, 483.0, 54988.0, 55471.0, 
2922, 1, FR, 2.0, 55260.0, 55262.0, 
2922, 1, FR, 7.0, 55251.0, 55258.0, 
2922, 1, FR, 8.0, 55241.0, 55249.0, 
2922, 1, FR, 7.0, 55231.0, 55238.0, 
2922, 1, FR, 2.0, 55220.0, 55222.0, 
2922, 1, FR, 18.0, 55177.0, 55195.0, 
2932, 1, FR, 2.0, 55398.0, 55400.0, 
2932, 1, FR, 15.0, 55379.0, 55394.0, 
2940, 1, FR, 10.0, 55522.0, 55532.0, 
2948, 1, FR, 2.0, 55850.0, 55852.0, 
2966, 1, FR, 14.0, 56135.0, 56149.0, 
2966, 1, FR, 46.0, 56084.0, 56130.0, 
3026, 1, FR, 18.0, 57905.0, 57923.0, 
3111, 1, FR, 4.0, 59373.0, 59377.0, 
3112, 1, FR, 3.0, 59398.0, 59401.0, 
3115, 1, FR, 3.0, 59445.0, 59448.0, 
3127, -2, BT, 688.0, 59838.0, 60526.0, 
3127, -1, BR, 32.0, 59799.0, 59831.0, 
3127, -1, BR, 2.0, 59790.0, 59792.0, 
3141, 1, FR, 3.0, 60122.0, 60125.0, 
3147, 1, FR, 6.0, 60244.0, 60250.0, 
3147, 1, FR, 4.0, 60236.0, 60240.0, 
3149, 1, FR, 5.0, 60289.0, 60294.0, 
3149, 1, FR, 2.0, 60282.0, 60284.0, 
3160, 1, FR, 6.0, 60759.0, 60765.0, 
3171, 1, FR, 7.0, 61147.0, 61154.0, 
3171, 1, FR, 56.0, 61087.0, 61143.0, 
3171, 1, FR, 6.0, 61063.0, 61069.0, 
3180, -2, BT, 172.0, 61300.0, 61472.0, 
3201, 1, FR, 53.0, 61581.0, 61634.0, 
3223, 1, FR, 10.0, 61994.0, 62004.0, 
3223, 1, FR, 12.0, 61973.0, 61985.0, 
3239, 1, FR, 42.0, 62400.0, 62442.0, 
3257, 1, FR, 30.0, 62550.0, 62580.0, 
3268, 1, FR, 2.0, 62636.0, 62638.0, 
3268, 1, FR, 2.0, 62623.0, 62625.0, 
3287, -1, BR, 150.0, 62952.0, 63102.0, 
3308, 1, FR, 3.0, 63278.0, 63281.0, 
3343, 1, FR, 3.0, 64072.0, 64075.0, 
3343, 1, FR, 4.0, 64050.0, 64054.0, 
3343, 1, FR, 11.0, 64017.0, 64028.0, 
3346, 1, FR, 16.0, 64177.0, 64193.0, 
3346, 1, FR, 10.0, 64161.0, 64171.0, 
3390, 1, FR, 2.0, 64932.0, 64934.0, 
3390, 1, FR, 12.0, 64917.0, 64929.0, 
3392, 1, FR, 14.0, 64978.0, 64992.0, 
3392, 1, FR, 14.0, 64962.0, 64976.0, 
3392, 1, FR, 2.0, 64947.0, 64949.0, 
3415, 1, FR, 3.0, 65085.0, 65088.0, 
3426, 1, FR, 2.0, 65215.0, 65217.0, 
3446, 1, FR, 10.0, 65480.0, 65490.0, 
3447, -1, BR, 2.0, 65470.0, 65472.0, 
3467, 1, FR, 7.0, 65919.0, 65926.0, 
3520, 1, FR, 800.0, 67044.0, 67844.0, 
3520, 1, FR, 2.0, 67022.0, 67024.0, 
3534, -1, BR, 9.0, 67377.0, 67386.0, 
3561, 1, FR, 4.0, 67875.0, 67879.0, 
3565, 1, FR, 6.0, 67957.0, 67963.0, 
3577, 1, FR, 2.0, 68152.0, 68154.0, 
3578, 1, FR, 2.0, 68194.0, 68196.0, 
3578, 1, FR, 3.0, 68173.0, 68176.0, 
3598, 1, FR, 2.0, 68611.0, 68613.0, 
3604, 1, FR, 12.0, 68666.0, 68678.0, 
3604, 1, FR, 2.0, 68662.0, 68664.0, 
3610, 1, FR, 2.0, 68826.0, 68828.0, 
3620, -1, BR, 106.0, 69855.0, 69961.0, 
3620, 2, FT, 931.0, 68918.0, 69849.0, 
3626, -1, BR, 85.0, 68979.0, 69064.0, 
3663, 1, FR, 37.0, 69898.0, 69935.0, 
3678, 1, FR, 24.0, 70104.0, 70128.0, 
3700, 1, FR, 2.0, 70888.0, 70890.0, 
3700, 1, FR, 17.0, 70867.0, 70884.0, 
3700, 1, FR, 11.0, 70853.0, 70864.0, 
3700, 1, FR, 6.0, 70841.0, 70847.0, 
3716, 1, FR, 9.0, 71012.0, 71021.0, 
3747, 1, FR, 8.0, 71608.0, 71616.0, 
3747, 1, FR, 2.0, 71604.0, 71606.0, 
3778, 1, FR, 15.0, 71925.0, 71940.0, 
3797, 1, FR, 11.0, 72371.0, 72382.0, 
3797, 1, FR, 6.0, 72359.0, 72365.0, 
3800, 1, FR, 4.0, 72366.0, 72370.0, 
3801, -2, BT, 1849.0, 72377.0, 74226.0, 
3801, -1, BR, 2.0, 72370.0, 72372.0, 
3814, 1, FR, 9.0, 72505.0, 72514.0, 
3819, 1, FR, 3.0, 72562.0, 72565.0, 
3830, 1, FR, 3.0, 72673.0, 72676.0, 
3876, -1, BR, 4.0, 73453.0, 73457.0, 
3876, -1, BR, 12.0, 73439.0, 73451.0, 
3876, -1, BR, 3.0, 73434.0, 73437.0, 
3876, -1, BR, 5.0, 73424.0, 73429.0, 
3883, -1, BR, 3.0, 73808.0, 73811.0, 
3888, 1, FR, 9.0, 73897.0, 73906.0, 
3891, 1, FR, 5.0, 73922.0, 73927.0, 
3901, 1, FR, 3.0, 74106.0, 74109.0, 
3901, 1, FR, 34.0, 74070.0, 74104.0, 
3901, 1, FR, 2.0, 74066.0, 74068.0, 
3913, -1, BR, 21.0, 74934.0, 74955.0, 
3913, -1, BR, 5.0, 74927.0, 74932.0, 
3968, 1, FR, 2.0, 75905.0, 75907.0, 
3981, 1, FR, 8.0, 75988.0, 75996.0, 
3983, 1, FR, 782.0, 76032.0, 76814.0, 
3992, 1, FR, 2.0, 76258.0, 76260.0, 
3992, 1, FR, 6.0, 76248.0, 76254.0, 
4101, 1, FR, 7.0, 77683.0, 77690.0, 
4111, 1, FR, 3.0, 77843.0, 77846.0, 
4123, 1, FR, 7.0, 78314.0, 78321.0, 
4129, 1, FR, 23.0, 78483.0, 78506.0, 
4136, 1, FR, 2.0, 78603.0, 78605.0, 
4136, 1, FR, 9.0, 78591.0, 78600.0, 
4144, 1, FR, 2.0, 78674.0, 78676.0, 
4144, 1, FR, 10.0, 78662.0, 78672.0, 
4149, 1, FR, 55.0, 78734.0, 78789.0, 
4167, 1, FR, 30.0, 78991.0, 79021.0, 
4167, 1, FR, 47.0, 78942.0, 78989.0, 
4181, 1, FR, 16.0, 79450.0, 79466.0, 
4181, 1, FR, 5.0, 79440.0, 79445.0, 
4182, 1, FR, 4.0, 79544.0, 79548.0, 
4182, 1, FR, 8.0, 79506.0, 79514.0, 
4182, 1, FR, 3.0, 79496.0, 79499.0, 
4182, 1, FR, 7.0, 79485.0, 79492.0, 
4196, 1, FR, 4.0, 80102.0, 80106.0, 
4214, 1, FR, 94.0, 80501.0, 80595.0, 
4245, 1, FR, 3.0, 80982.0, 80985.0, 
4247, -1, BR, 4.0, 81010.0, 81014.0, 
4278, 1, FR, 4.0, 82263.0, 82267.0, 
4347, 1, FR, 7.0, 83923.0, 83930.0, 
4353, 1, FR, 3.0, 84114.0, 84117.0, 
4355, 1, FR, 3.0, 84168.0, 84171.0, 
4355, 1, FR, 15.0, 84142.0, 84157.0, 
4357, 1, FR, 32.0, 84190.0, 84222.0, 
4382, 2, FT, 256.0, 84805.0, 85061.0, 
4385, -1, BR, 4.0, 85073.0, 85077.0, 
4399, 1, FR, 14.0, 85529.0, 85543.0, 
4428, 1, FR, 8.0, 86669.0, 86677.0, 
4431, 1, FR, 14.0, 86711.0, 86725.0, 
4464, -1, BR, 153.0, 88273.0, 88426.0, 
4464, -1, BR, 12.0, 88247.0, 88259.0, 
4479, 1, FR, 4.0, 88496.0, 88500.0, 
4479, 1, FR, 6.0, 88485.0, 88491.0, 
4488, 1, FR, 39.0, 88561.0, 88600.0, 
4498, 1, FR, 5.0, 88728.0, 88733.0, 
4498, 1, FR, 2.0, 88713.0, 88715.0, 
4507, 1, FR, 3.0, 88818.0, 88821.0, 
4519, -1, BR, 11.0, 88926.0, 88937.0, 
4519, -1, BR, 11.0, 88913.0, 88924.0, 
4519, -1, BR, 9.0, 88900.0, 88909.0, 
4520, 1, FR, 5.0, 88907.0, 88912.0, 
4528, 1, FR, 239.0, 88985.0, 89224.0, 
4562, 1, FR, 31.0, 89737.0, 89768.0, 
4571, 1, FR, 5.0, 89901.0, 89906.0, 
4585, 1, FR, 9.0, 90300.0, 90309.0, 
4590, 1, FR, 11.0, 90340.0, 90351.0, 
4613, 1, FR, 12.0, 90775.0, 90787.0, 
4613, 1, FR, 19.0, 90754.0, 90773.0, 
4621, 1, FR, 21.0, 91152.0, 91173.0, 
4621, 1, FR, 8.0, 91137.0, 91145.0, 
4626, 1, FR, 4.0, 91213.0, 91217.0, 
4646, 1, FR, 4.0, 91930.0, 91934.0, 
4646, 1, FR, 25.0, 91895.0, 91920.0, 
4646, 1, FR, 38.0, 91855.0, 91893.0, 
4646, 1, FR, 293.0, 91544.0, 91837.0, 
4682, 1, FR, 11.0, 92609.0, 92620.0, 
4693, 1, FR, 14.0, 93153.0, 93167.0, 
4711, -1, BR, 2.0, 93404.0, 93406.0, 
4743, 1, FR, 4.0, 94370.0, 94374.0, 
4766, 1, FR, 82.0, 95010.0, 95092.0, 
4766, 1, FR, 2.0, 95003.0, 95005.0, 
4781, 1, FR, 4.0, 95170.0, 95174.0, 
4781, 1, FR, 15.0, 95153.0, 95168.0, 
4799, 1, FR, 5.0, 95650.0, 95655.0, 
4799, 1, FR, 123.0, 95523.0, 95646.0, 
4799, 1, FR, 7.0, 95510.0, 95517.0, 
4799, 1, FR, 5.0, 95489.0, 95494.0, 
4839, 1, FR, 347.0, 95907.0, 96254.0, 
4846, 1, FR, 17.0, 96100.0, 96117.0, 
4847, 1, FR, 27.0, 96165.0, 96192.0, 
4847, 1, FR, 2.0, 96151.0, 96153.0, 
4847, 1, FR, 3.0, 96146.0, 96149.0, 
4860, -1, BR, 110.0, 96380.0, 96490.0, 
4866, -1, BR, 35.0, 96944.0, 96979.0, 
4866, -1, BR, 7.0, 96907.0, 96914.0, 
4866, 2, FT, 475.0, 96415.0, 96890.0, 
4897, -1, BR, 4.0, 97120.0, 97124.0, 
4925, 1, FR, 8.0, 97618.0, 97626.0, 
4939, 1, FR, 4.0, 99599.0, 99603.0, 
4939, 1, FR, 62.0, 99527.0, 99589.0, 
4939, 1, FR, 1717.0, 97806.0, 99523.0, 
5027, 1, FR, 4.0, 99255.0, 99259.0, 
5046, 1, FR, 2.0, 100793.0, 100795.0, 
5046, 1, FR, 21.0, 100769.0, 100790.0, 
5046, 1, FR, 2.0, 100755.0, 100757.0, 
5046, 1, FR, 2.0, 100748.0, 100750.0, 
5046, -2, BT, 1301.0, 99443.0, 100744.0, 
5065, 1, FR, 5.0, 99593.0, 99598.0, 
5099, -1, BR, 2.0, 100393.0, 100395.0, 
5154, 1, FR, 14.0, 101704.0, 101718.0, 
5167, -2, BT, 734.0, 101998.0, 102732.0, 
5171, 1, FR, 31.0, 102071.0, 102102.0, 
5180, 1, FR, 3.0, 102212.0, 102215.0, 
5180, 1, FR, 8.0, 102198.0, 102206.0, 
5180, 1, FR, 79.0, 102117.0, 102196.0, 
5194, 1, FR, 2.0, 102243.0, 102245.0, 
5216, 1, FR, 2.0, 102617.0, 102619.0, 
5249, 1, FR, 2.0, 102951.0, 102953.0, 
5252, 1, FR, 18.0, 103012.0, 103030.0, 
5252, 1, FR, 10.0, 102992.0, 103002.0, 
5253, 1, FR, 5.0, 103006.0, 103011.0, 
5274, 1, FR, 12.0, 103333.0, 103345.0, 
5288, 1, FR, 12.0, 104023.0, 104035.0, 
5307, 1, FR, 19.0, 104200.0, 104219.0, 
5307, 1, FR, 2.0, 104191.0, 104193.0, 
5328, 1, FR, 3.0, 104982.0, 104985.0, 
5351, 1, FR, 123.0, 105178.0, 105301.0, 
5375, 1, FR, 21.0, 105830.0, 105851.0, 
5395, -1, BR, 4.0, 106168.0, 106172.0, 
5395, -1, BR, 3.0, 106156.0, 106159.0, 
5398, 1, FR, 3.0, 106177.0, 106180.0, 
5406, -1, BR, 544.0, 106294.0, 106838.0, 
5411, -1, BR, 7.0, 106376.0, 106383.0, 
5413, -1, BR, 3.0, 106434.0, 106437.0, 
5423, 1, FR, 4.0, 106709.0, 106713.0, 
5423, 1, FR, 2.0, 106700.0, 106702.0, 
5437, 1, FR, 11.0, 106854.0, 106865.0, 
5451, 1, FR, 3.0, 107003.0, 107006.0, 
5459, 1, FR, 10.0, 107105.0, 107115.0, 
5461, 1, FR, 101.0, 107257.0, 107358.0, 
5461, 1, FR, 2.0, 107252.0, 107254.0, 
5461, 1, FR, 118.0, 107125.0, 107243.0, 
5482, 1, FR, 2.0, 107479.0, 107481.0, 
5482, 1, FR, 37.0, 107437.0, 107474.0, 
5494, -2, BT, 854.0, 35020.0, 35874.0, 
5494, -1, BR, 321.0, 34696.0, 35017.0, 
5509, 1, FR, 634.0, 28033.0, 28667.0, 
5512, 1, FR, 56.0, 32365.0, 32421.0, 
5517, 1, FR, 8.0, 22946.0, 22954.0, 
5517, 1, FR, 68.0, 22875.0, 22943.0, 
5524, 1, FR, 4.0, 20759.0, 20763.0, 
5524, 1, FR, 2.0, 20754.0, 20756.0, 
5524, 1, FR, 27.0, 20724.0, 20751.0, 
5525, 1, FR, 10.0, 31502.0, 31512.0, 
5525, 1, FR, 6.0, 31488.0, 31494.0, 
5531, 1, FR, 5.0, 5478.0, 5483.0, 
5533, 1, FR, 3.0, 22982.0, 22985.0, 
5533, 1, FR, 2.0, 22975.0, 22977.0, 
5539, 2, FT, 1999.0, 27431.0, 29430.0, 
5540, 1, FR, 30.0, 97999.0, 98029.0, 
5540, 1, FR, 73.0, 97918.0, 97991.0, 
5540, 1, FR, 16.0, 97897.0, 97913.0, 
5540, 1, FR, 32.0, 97857.0, 97889.0, 
5541, 1, FR, 53.0, 2160.0, 2213.0, 
5543, 1, FR, 7.0, 18488.0, 18495.0, 
5543, 1, FR, 7.0, 18459.0, 18466.0, 
5543, 1, FR, 5.0, 18451.0, 18456.0, 
5543, 1, FR, 2.0, 18447.0, 18449.0, 
5543, 1, FR, 4.0, 18436.0, 18440.0, 
5543, 1, FR, 3.0, 18425.0, 18428.0, 
5543, 1, FR, 8.0, 18401.0, 18409.0, 
5543, 1, FR, 5.0, 18384.0, 18389.0, 
5543, 1, FR, 2.0, 18380.0, 18382.0, 
5544, 1, FR, 319.0, 19751.0, 20070.0, 
5545, 1, FR, 901.0, 9282.0, 10183.0, 
5546, 2, FT, 2393.0, 8560.0, 10953.0, 
5547, -1, BR, 1254.0, 14982.0, 16236.0, 
5547, -1, BR, 15.0, 14965.0, 14980.0, 
5548, 1, FR, 148.0, 2759.0, 2907.0, 
5548, 1, FR, 6.0, 2745.0, 2751.0, 
5548, 1, FR, 50.0, 2690.0, 2740.0, 
5548, 1, FR, 36.0, 2648.0, 2684.0, 
5548, 1, FR, 60.0, 2586.0, 2646.0, 
5548, 1, FR, 1162.0, 1422.0, 2584.0, 
5548, 1, FR, 2.0, 1418.0, 1420.0, 
5548, 1, FR, 2.0, 1410.0, 1412.0, 
5548, 1, FR, 40.0, 1366.0, 1406.0, 
5548, 1, FR, 4.0, 1360.0, 1364.0, 
5548, 1, FR, 52.0, 1305.0, 1357.0, 
5548, 1, FR, 92.0, 1209.0, 1301.0, 
5549, 1, FR, 681.0, 865.0, 1546.0, 
5549, 1, FR, 520.0, 334.0, 854.0, 
5550, 1, FR, 103.0, 12409.0, 12512.0, 
5550, 1, FR, 2.0, 12393.0, 12395.0, 
5550, 1, FR, 18.0, 12341.0, 12359.0, 
5551, 1, FR, 2.0, 71273.0, 71275.0, 
5551, 1, FR, 1331.0, 69936.0, 71267.0, 
5552, 1, FR, 2658.0, 19226.0, 21884.0, 
5552, 1, FR, 3.0, 19220.0, 19223.0, 
5552, 1, FR, 56.0, 19157.0, 19213.0, 
5553, 1, FR, 16.0, 6658.0, 6674.0, 
5553, 1, FR, 325.0, 6324.0, 6649.0, 
5553, 1, FR, 3.0, 6317.0, 6320.0, 
5553, 1, FR, 45.0, 6253.0, 6298.0, 
5553, 1, FR, 8.0, 6225.0, 6233.0, 
5553, 1, FR, 2.0, 6209.0, 6211.0, 
5553, 1, FR, 10.0, 6196.0, 6206.0, 
5553, 1, FR, 4.0, 6190.0, 6194.0, 
5553, 1, FR, 18.0, 6164.0, 6182.0, 
5553, 1, FR, 26.0, 6132.0, 6158.0, 
5554, 2, FT, 1637.0, 13779.0, 15416.0, 
5554, 1, FR, 10.0, 13759.0, 13769.0, 
5555, 1, FR, 92.0, 14486.0, 14578.0, 
5555, 1, FR, 19.0, 14459.0, 14478.0, 
5555, 1, FR, 87.0, 14361.0, 14448.0, 
5555, 1, FR, 2.0, 14354.0, 14356.0, 
5556, 2, FT, 2028.0, 15093.0, 17121.0, 
5557, -2, BT, 4704.0, 2347.0, 7051.0, 
5558, -1, BR, 1658.0, 3483.0, 5141.0, 
5559, 1, FR, 13.0, 20136.0, 20149.0, 
5559, 1, FR, 16.0, 20117.0, 20133.0, 
5559, 1, FR, 13.0, 20097.0, 20110.0, 
5560, -1, BR, 26.0, 16463.0, 16489.0, 
5560, -1, BR, 4.0, 16457.0, 16461.0, 
5560, 2, FT, 2931.0, 13523.0, 16454.0, 
5560, -2, BT, 564.0, 12951.0, 13515.0, 
5561, -1, BR, 4.0, 11012.0, 11016.0, 
5561, 2, FT, 3596.0, 7414.0, 11010.0, 
5561, 1, FR, 5.0, 7388.0, 7393.0, 
5562, 1, FR, 55.0, 11510.0, 11565.0, 
5562, 1, FR, 17.0, 11489.0, 11506.0, 
5562, 1, FR, 544.0, 10942.0, 11486.0, 
5563, -1, BR, 423.0, 15405.0, 15828.0, 
5564, 1, FR, 11.0, 31360.0, 31371.0, 
5564, 1, FR, 17.0, 31340.0, 31357.0, 
5565, 2, FT, 1603.0, 52969.0, 54572.0, 
5566, 2, FT, 1089.0, 7052.0, 8141.0, 
5566, 1, FR, 5.0, 7024.0, 7029.0, 
5566, 1, FR, 40.0, 6980.0, 7020.0, 
5566, 1, FR, 134.0, 6843.0, 6977.0, 
5566, -2, BT, 4595.0, 2245.0, 6840.0, 
5567, 1, FR, 318.0, 4519.0, 4837.0, 
5568, 1, FR, 58.0, 1730.0, 1788.0, 
5568, 1, FR, 175.0, 1553.0, 1728.0, 
5569, 1, FR, 296.0, 20088.0, 20384.0, 
5569, 1, FR, 10.0, 20076.0, 20086.0, 
5569, 1, FR, 3.0, 20071.0, 20074.0, 
5569, 1, FR, 18.0, 20042.0, 20060.0, 
5569, 1, FR, 28.0, 20011.0, 20039.0, 
5570, 1, FR, 340.0, 12183.0, 12523.0, 
5570, 1, FR, 14.0, 12158.0, 12172.0, 
5571, 1, FR, 57.0, 28742.0, 28799.0, 
5571, 1, FR, 16.0, 28724.0, 28740.0, 
5571, 1, FR, 2.0, 28714.0, 28716.0, 
5571, 1, FR, 4.0, 28695.0, 28699.0, 
5572, 2, FT, 4633.0, 28676.0, 33309.0, 
5573, 1, FR, 149.0, 10315.0, 10464.0, 
5574, 1, FR, 4.0, 18089.0, 18093.0, 
5574, 1, FR, 544.0, 17543.0, 18087.0, 
5574, 1, FR, 30.0, 17511.0, 17541.0, 
5575, 1, FR, 17.0, 69965.0, 69982.0, 
5576, 1, FR, 2317.0, 132.0, 2449.0, 
5576, 1, FR, 32.0, 98.0, 130.0, 
5577, 1, FR, 11.0, 8497.0, 8508.0, 
5577, 1, FR, 37.0, 8452.0, 8489.0, 
5577, 1, FR, 618.0, 7832.0, 8450.0, 
5578, 1, FR, 14.0, 46945.0, 46959.0, 
5578, 1, FR, 6.0, 46937.0, 46943.0, 
5578, 1, FR, 21.0, 46905.0, 46926.0, 
5579, 1, FR, 36.0, 20665.0, 20701.0, 
5579, 1, FR, 4.0, 20652.0, 20656.0, 
5579, 1, FR, 2.0, 20646.0, 20648.0, 
5579, 1, FR, 56.0, 20586.0, 20642.0, 
5579, 1, FR, 1078.0, 19497.0, 20575.0, 
5579, 1, FR, 21.0, 19472.0, 19493.0, 
5580, 1, FR, 57.0, 3665.0, 3722.0, 
5580, 1, FR, 3.0, 3658.0, 3661.0, 
5580, 1, FR, 8.0, 3648.0, 3656.0, 
5580, 1, FR, 3.0, 3643.0, 3646.0, 
5580, 1, FR, 9.0, 3623.0, 3632.0, 
5580, 1, FR, 7.0, 3610.0, 3617.0, 
5580, 1, FR, 22.0, 3586.0, 3608.0, 
5580, 1, FR, 54.0, 3520.0, 3574.0, 
5581, 1, FR, 36.0, 3764.0, 3800.0, 
5581, 1, FR, 931.0, 2824.0, 3755.0, 
5582, 1, FR, 3.0, 3516.0, 3519.0, 
5582, 1, FR, 17.0, 3495.0, 3512.0, 
5582, 1, FR, 64.0, 3429.0, 3493.0, 
5583, 1, FR, 65.0, 3331.0, 3396.0, 
5583, 1, FR, 10.0, 3315.0, 3325.0, 
5583, 1, FR, 6.0, 3305.0, 3311.0, 
5583, 1, FR, 47.0, 3256.0, 3303.0, 
5583, 1, FR, 47.0, 3205.0, 3252.0, 
5583, 1, FR, 30.0, 3171.0, 3201.0, 
5583, 1, FR, 46.0, 3121.0, 3167.0, 
5583, 1, FR, 41.0, 3078.0, 3119.0, 
5583, 1, FR, 38.0, 3036.0, 3074.0, 
5583, 1, FR, 11.0, 3012.0, 3023.0, 
5583, 1, FR, 24.0, 2984.0, 3008.0, 
5583, 1, FR, 8.0, 2967.0, 2975.0, 
5583, 1, FR, 52.0, 2909.0, 2961.0, 
5584, 2, FT, 804.0, 2453.0, 3257.0, 
5585, 1, FR, 494.0, 4838.0, 5332.0, 
5585, 1, FR, 3.0, 4832.0, 4835.0, 
5585, 1, FR, 6.0, 4823.0, 4829.0, 
5586, 1, FR, 12.0, 5191.0, 5203.0, 
5586, 1, FR, 186.0, 5003.0, 5189.0, 
5586, 1, FR, 24.0, 4977.0, 5001.0, 
5586, 1, FR, 64.0, 4903.0, 4967.0, 
5586, 1, FR, 4.0, 4894.0, 4898.0, 
5586, 1, FR, 10.0, 4882.0, 4892.0, 
5586, 1, FR, 3.0, 4877.0, 4880.0, 
5587, -2, BT, 424.0, 6182.0, 6606.0, 
5588, -2, BT, 114.0, 4403.0, 4517.0, 
5589, 1, FR, 586.0, 9868.0, 10454.0, 
5589, 1, FR, 19.0, 9847.0, 9866.0, 
5590, 1, FR, 14.0, 8984.0, 8998.0, 
5590, 1, FR, 372.0, 8610.0, 8982.0, 
5590, 1, FR, 6.0, 8592.0, 8598.0, 
5591, 1, FR, 46.0, 20328.0, 20374.0, 
5591, 1, FR, 2.0, 20324.0, 20326.0, 
5592, -1, BR, 222.0, 5956.0, 6178.0, 
5593, 1, FR, 2.0, 32722.0, 32724.0, 
5593, 1, FR, 296.0, 32423.0, 32719.0, 
5593, 1, FR, 6.0, 32406.0, 32412.0, 
5594, 1, FR, 92.0, 6539.0, 6631.0, 
5594, 1, FR, 19.0, 6515.0, 6534.0, 
5594, 1, FR, 2.0, 6505.0, 6507.0, 
5594, 1, FR, 3.0, 6500.0, 6503.0, 
5594, 1, FR, 16.0, 6474.0, 6490.0, 
5594, 1, FR, 2.0, 6443.0, 6445.0, 
5594, 1, FR, 7.0, 6419.0, 6426.0, 
5594, 1, FR, 42.0, 6371.0, 6413.0, 
5594, 1, FR, 38.0, 6329.0, 6367.0, 
5595, -1, BR, 354.0, 1749.0, 2103.0, 
5596, 2, FT, 5240.0, 15855.0, 21095.0, 
5597, 1, FR, 19.0, 19045.0, 19064.0, 
5597, 1, FR, 7.0, 19029.0, 19036.0, 
5597, 1, FR, 29.0, 18994.0, 19023.0, 
5597, 1, FR, 58.0, 18931.0, 18989.0, 
5597, 1, FR, 2166.0, 16756.0, 18922.0, 
5597, 1, FR, 6.0, 16745.0, 16751.0, 
5598, -1, BR, 3.0, 21215.0, 21218.0, 
5598, -1, BR, 564.0, 20649.0, 21213.0, 
5599, 1, FR, 4.0, 67418.0, 67422.0, 
5599, 1, FR, 15.0, 67395.0, 67410.0, 
5599, 1, FR, 2.0, 67366.0, 67368.0, 
5600, 1, FR, 38.0, 10037.0, 10075.0, 
5600, 1, FR, 3.0, 10029.0, 10032.0, 
5600, 1, FR, 6.0, 10012.0, 10018.0, 
5601, -1, BR, 598.0, 1149.0, 1747.0, 
5602, -2, BT, 157.0, 1612.0, 1769.0, 
5603, 1, FR, 42.0, 18358.0, 18400.0, 
5604, 2, FT, 708.0, 46981.0, 47689.0, 
5604, 1, FR, 4.0, 46971.0, 46975.0, 
5604, 1, FR, 4.0, 46964.0, 46968.0, 
5605, 1, FR, 6.0, 32604.0, 32610.0, 
5605, 1, FR, 5.0, 32588.0, 32593.0, 
5605, 1, FR, 8.0, 32573.0, 32581.0, 
5605, 1, FR, 8.0, 32558.0, 32566.0, 
5605, 1, FR, 110.0, 32444.0, 32554.0, 
5606, 1, FR, 34.0, 5405.0, 5439.0, 
5606, 1, FR, 10.0, 5388.0, 5398.0, 
5606, 1, FR, 16.0, 5369.0, 5385.0, 
5606, 1, FR, 2.0, 5347.0, 5349.0, 
5607, 1, FR, 8.0, 30007.0, 30015.0, 
5607, 1, FR, 3.0, 29997.0, 30000.0, 
5607, 1, FR, 944.0, 29051.0, 29995.0, 
5607, 1, FR, 191.0, 28850.0, 29041.0, 
5608, 1, FR, 51.0, 32920.0, 32971.0, 
5609, -1, BR, 64.0, 1536.0, 1600.0, 
5610, 1, FR, 4.0, 4850.0, 4854.0, 
5610, 1, FR, 3.0, 4844.0, 4847.0, 
5611, 1, FR, 14.0, 5894.0, 5908.0, 
5611, 1, FR, 8.0, 5884.0, 5892.0, 
5611, 1, FR, 3.0, 5879.0, 5882.0, 
5611, 1, FR, 538.0, 5333.0, 5871.0, 
5611, 1, FR, 32.0, 5281.0, 5313.0, 
5611, 1, FR, 16.0, 5260.0, 5276.0, 
5611, 1, FR, 54.0, 5204.0, 5258.0, 
5612, 1, FR, 8.0, 5360.0, 5368.0, 
5613, 1, FR, 48.0, 8758.0, 8806.0, 
5613, 1, FR, 7.0, 8746.0, 8753.0, 
5613, 1, FR, 3.0, 8710.0, 8713.0, 
5613, 1, FR, 4.0, 8685.0, 8689.0, 
5613, 1, FR, 6.0, 8666.0, 8672.0, 
5614, 1, FR, 3.0, 16141.0, 16144.0, 
5614, 1, FR, 17.0, 16118.0, 16135.0, 
5614, 1, FR, 46.0, 16055.0, 16101.0, 
5614, 1, FR, 6.0, 16047.0, 16053.0, 
5615, -2, BT, 496.0, 6596.0, 7092.0, 
5616, 1, FR, 8.0, 10293.0, 10301.0, 
5616, 1, FR, 18.0, 10271.0, 10289.0, 
5616, 1, FR, 13.0, 10252.0, 10265.0, 
5616, 1, FR, 131.0, 10116.0, 10247.0, 
5617, 1, FR, 3.0, 97960.0, 97963.0, 
5617, 1, FR, 29.0, 97929.0, 97958.0, 
5618, 1, FR, 32.0, 35384.0, 35416.0, 
5618, 1, FR, 17.0, 35356.0, 35373.0, 
5618, -2, BT, 2820.0, 32521.0, 35341.0, 
5619, 1, FR, 27.0, 31585.0, 31612.0, 
5619, 1, FR, 194.0, 31374.0, 31568.0, 
5619, 1, FR, 22.0, 31315.0, 31337.0, 
5620, 1, FR, 355.0, 5968.0, 6323.0, 
5620, 1, FR, 13.0, 5951.0, 5964.0, 
5620, 1, FR, 16.0, 5933.0, 5949.0, 
5621, 2, FT, 1043.0, 52634.0, 53677.0, 
5622, 1, FR, 620.0, 1718.0, 2338.0, 
5623, 1, FR, 18.0, 2466.0, 2484.0, 
5623, 1, FR, 3.0, 2461.0, 2464.0, 
5624, 1, FR, 5.0, 67424.0, 67429.0, 